customerID,gender,SeniorCitizen,Partner,Dependents,tenure,PhoneService,MultipleLines,InternetService,OnlineSecurity,OnlineBackup,DeviceProtection,TechSupport,StreamingTV,StreamingMovies,Contract,PaperlessBilling,PaymentMethod,MonthlyCharges,TotalCharges,Churn,Churn Prediction,Reason
1024-GUALD,Female,0,Yes,No,1,No,No phone service,DSL,No,No,No,No,No,No,Month-to-month,Yes,Electronic check,24.8,24.8,Yes,1,Low tenure
6910-HADCM,Female,0,No,No,1,Yes,No,Fiber optic,No,No,Yes,No,No,No,Month-to-month,No,Electronic check,76.35,76.35,Yes,1,Low tenure
7998-ZLXWN,Female,0,Yes,No,15,Yes,No,No,No internet service,No internet service,No internet service,No internet service,No internet service,No internet service,Month-to-month,No,Credit card (automatic),20.45,330.8,No,0,
1640-PLFMP,Female,0,No,No,1,Yes,No,Fiber optic,No,No,No,No,No,No,Month-to-month,Yes,Electronic check,70.25,70.25,No,0,
3679-XASPY,Female,0,Yes,Yes,1,Yes,No,No,No internet service,No internet service,No internet service,No internet service,No internet service,No internet service,Month-to-month,No,Electronic check,19.45,19.45,No,0,
2100-BDNSN,Female,0,Yes,No,5,Yes,Yes,DSL,No,No,Yes,Yes,Yes,No,Month-to-month,No,Bank transfer (automatic),67.95,350.3,Yes,1,Low tenure
0080-EMYVY,Female,0,No,No,14,Yes,No,DSL,No,Yes,No,No,No,No,One year,No,Credit card (automatic),51.45,727.85,No,0,
9967-ATRFS,Female,0,No,No,19,Yes,No,No,No internet service,No internet service,No internet service,No internet service,No internet service,No internet service,Month-to-month,No,Mailed check,19.9,367.55,No,0,
9277-JOOMO,Female,0,No,No,3,Yes,Yes,No,No internet service,No internet service,No internet service,No internet service,No internet service,No internet service,Month-to-month,No,Mailed check,24.6,86.35,No,0,
3604-WLABM,Female,0,No,No,10,Yes,No,DSL,No,No,Yes,Yes,No,No,Month-to-month,No,Electronic check,54.25,583,No,0,
4415-IJZTP,Female,0,No,No,1,Yes,Yes,Fiber optic,No,No,No,No,No,No,Month-to-month,Yes,Electronic check,74.5,74.5,Yes,1,Low tenure
6133-OZILE,Female,0,No,No,18,No,No phone service,DSL,No,No,Yes,Yes,No,No,Month-to-month,Yes,Electronic check,35.2,607.3,No,0,
7296-PIXQY,Female,0,Yes,Yes,14,Yes,No,Fiber optic,No,No,No,No,No,No,Month-to-month,No,Electronic check,70.2,1046.5,No,0,
3744-ZBHON,Female,0,No,No,3,Yes,No,No,No internet service,No internet service,No internet service,No internet service,No internet service,No internet service,Month-to-month,No,Electronic check,20.2,65.95,No,0,
4770-QAZXN,Female,0,No,No,13,Yes,No,No,No internet service,No internet service,No internet service,No internet service,No internet service,No internet service,Month-to-month,No,Credit card (automatic),19.45,232.1,No,0,
3627-FCRDW,Female,0,No,No,9,Yes,No,Fiber optic,No,No,No,No,No,No,Month-to-month,No,Electronic check,71.0,672.55,Yes,1,Low tenure
7638-QVMVY,Female,0,No,No,7,Yes,No,Fiber optic,No,No,No,No,Yes,No,Month-to-month,Yes,Electronic check,79.0,522.95,Yes,1,Low tenure
0455-XFASS,Female,0,Yes,Yes,3,Yes,No,Fiber optic,No,No,No,No,No,No,Month-to-month,Yes,Electronic check,69.55,200.2,No,0,
4800-VHZKI,Female,0,No,No,1,Yes,No,No,No internet service,No internet service,No internet service,No internet service,No internet service,No internet service,Month-to-month,Yes,Mailed check,19.9,19.9,Yes,1,Low tenure
1729-VLAZJ,Female,0,No,Yes,10,No,No phone service,DSL,Yes,Yes,No,Yes,No,No,One year,No,Mailed check,40.25,411.45,No,0,
1618-CFHME,Female,0,No,No,2,Yes,Yes,Fiber optic,No,No,No,No,No,No,Month-to-month,Yes,Electronic check,75.9,143.35,Yes,1,Low tenure
4210-QFJMF,Female,0,No,No,4,Yes,No,Fiber optic,No,No,No,No,No,Yes,Month-to-month,Yes,Electronic check,79.15,317.25,Yes,1,Low tenure
3088-LHEFH,Female,0,No,No,11,Yes,Yes,Fiber optic,Yes,No,No,No,No,No,Month-to-month,Yes,Bank transfer (automatic),79.0,929.3,No,0,
0883-EIBTI,Female,0,No,No,2,Yes,No,No,No internet service,No internet service,No internet service,No internet service,No internet service,No internet service,Month-to-month,No,Mailed check,19.5,31.55,Yes,0,
7410-YTJIK,Female,0,No,No,7,Yes,Yes,Fiber optic,No,No,No,No,No,No,Month-to-month,No,Mailed check,75.45,480.75,Yes,1,Low tenure
2320-TZRRH,Female,0,No,No,20,Yes,No,No,No internet service,No internet service,No internet service,No internet service,No internet service,No internet service,One year,No,Mailed check,19.5,403.15,No,0,
3629-WEAAM,Female,0,No,No,8,Yes,No,DSL,No,No,Yes,Yes,No,Yes,Month-to-month,No,Mailed check,64.1,504.05,No,0,
6128-CZOMY,Female,0,No,No,1,Yes,No,DSL,No,No,No,No,No,No,Month-to-month,Yes,Electronic check,45.65,45.65,Yes,1,Low tenure
0804-XBFBV,Female,0,No,Yes,11,No,No phone service,DSL,No,No,No,No,No,No,Month-to-month,No,Electronic check,25.2,321.05,No,0,
8128-YVJRG,Female,0,No,No,7,Yes,Yes,Fiber optic,Yes,No,No,No,No,No,Month-to-month,Yes,Mailed check,79.65,604.7,Yes,1,Low tenure
1038-ZAGBI,Female,0,Yes,Yes,12,Yes,No,No,No internet service,No internet service,No internet service,No internet service,No internet service,No internet service,One year,No,Bank transfer (automatic),19.8,229.6,Yes,0,
7554-AKDQF,Female,0,Yes,No,6,Yes,No,DSL,No,No,No,No,No,No,Month-to-month,No,Mailed check,45.65,323.45,No,0,
6400-BWQKW,Female,0,No,No,6,Yes,Yes,Fiber optic,Yes,No,No,No,No,No,Month-to-month,Yes,Electronic check,79.05,434.5,Yes,1,Low tenure
1159-WFSGR,Female,0,Yes,Yes,16,Yes,No,No,No internet service,No internet service,No internet service,No internet service,No internet service,No internet service,Month-to-month,No,Electronic check,20.4,321.4,No,0,
7629-WIXZF,Female,0,No,No,7,Yes,No,DSL,Yes,No,No,No,No,Yes,One year,Yes,Electronic check,59.1,369.25,No,0,
3806-DXQOM,Female,0,No,No,4,No,No phone service,DSL,Yes,Yes,No,No,No,No,Month-to-month,Yes,Electronic check,33.65,137.85,Yes,1,Low tenure
2832-SCUCO,Female,0,No,No,2,Yes,No,No,No internet service,No internet service,No internet service,No internet service,No internet service,No internet service,Month-to-month,No,Electronic check,19.9,57.4,No,0,
3841-CONLJ,Female,0,Yes,No,1,No,No phone service,DSL,No,No,No,No,No,Yes,Month-to-month,No,Electronic check,35.0,35,No,0,
3866-MDTUB,Female,0,No,No,2,Yes,No,DSL,Yes,No,No,No,Yes,Yes,Month-to-month,Yes,Electronic check,70.75,146.9,Yes,1,Low tenure
1963-VAUKV,Female,0,No,No,1,Yes,No,No,No internet service,No internet service,No internet service,No internet service,No internet service,No internet service,Month-to-month,No,Mailed check,20.4,20.4,Yes,1,Low tenure
5919-TMRGD,Female,0,No,Yes,1,Yes,No,Fiber optic,No,No,No,No,Yes,No,Month-to-month,Yes,Electronic check,79.35,79.35,Yes,1,Low tenure
6994-ORCWG,Female,0,No,No,14,Yes,Yes,DSL,No,Yes,No,No,No,No,One year,Yes,Mailed check,54.25,773.2,No,0,
0328-GRPMV,Female,0,No,No,1,Yes,No,Fiber optic,No,No,No,No,No,No,Month-to-month,Yes,Electronic check,70.1,70.1,Yes,1,Low tenure
2905-KFQUV,Female,0,Yes,No,2,Yes,No,Fiber optic,No,No,No,No,No,No,Month-to-month,Yes,Credit card (automatic),70.4,154.8,No,0,
8637-XJIVR,Female,0,No,No,12,Yes,Yes,Fiber optic,Yes,No,No,No,No,No,Month-to-month,Yes,Electronic check,78.95,927.35,Yes,1,Other factors
7750-EYXWZ,Female,0,No,No,12,No,No phone service,DSL,No,Yes,Yes,Yes,Yes,Yes,One year,No,Electronic check,60.65,743.3,No,0,
8364-TRMMK,Female,0,No,No,3,Yes,Yes,DSL,No,No,No,No,No,No,Month-to-month,Yes,Mailed check,50.65,151.3,Yes,1,Low tenure
4393-OBCRR,Female,0,No,No,3,Yes,No,No,No internet service,No internet service,No internet service,No internet service,No internet service,No internet service,One year,No,Mailed check,20.25,71.2,No,0,
0870-VEMYL,Female,0,No,No,5,Yes,No,DSL,Yes,No,No,Yes,No,No,Month-to-month,No,Credit card (automatic),53.85,259.8,Yes,1,Low tenure
2592-YKDIF,Female,0,No,No,1,Yes,No,No,No internet service,No internet service,No internet service,No internet service,No internet service,No internet service,Month-to-month,No,Mailed check,20.35,20.35,No,0,
6941-PMGEP,Female,0,No,No,5,Yes,No,Fiber optic,No,No,No,No,No,Yes,Month-to-month,Yes,Electronic check,80.0,412.5,Yes,1,Low tenure
0511-JTEOY,Female,0,No,No,1,Yes,No,Fiber optic,No,No,No,No,No,No,Month-to-month,No,Mailed check,71.1,71.1,Yes,1,Low tenure
5527-ACHSO,Female,0,No,No,11,Yes,No,DSL,No,No,No,Yes,Yes,Yes,Month-to-month,No,Mailed check,70.5,829.3,No,0,
1915-OAKWD,Female,0,No,Yes,16,Yes,No,No,No internet service,No internet service,No internet service,No internet service,No internet service,No internet service,One year,Yes,Bank transfer (automatic),19.3,360.35,No,0,
4797-AXPXK,Female,0,No,Yes,1,Yes,No,DSL,Yes,Yes,No,Yes,No,No,Month-to-month,Yes,Electronic check,60.0,60,Yes,1,Low tenure
2308-STERM,Female,0,No,No,2,Yes,No,No,No internet service,No internet service,No internet service,No internet service,No internet service,No internet service,Month-to-month,No,Mailed check,19.4,61.05,No,0,
1219-NNDDO,Female,0,No,No,9,Yes,Yes,Fiber optic,No,No,No,No,No,No,Month-to-month,Yes,Electronic check,76.85,663.55,No,0,
3387-PLKUI,Female,0,Yes,Yes,13,Yes,No,No,No internet service,No internet service,No internet service,No internet service,No internet service,No internet service,Month-to-month,No,Mailed check,18.8,251.25,No,0,
5134-IKDAY,Female,0,Yes,Yes,1,Yes,No,Fiber optic,No,No,No,No,No,No,Month-to-month,Yes,Electronic check,69.8,69.8,Yes,1,Low tenure
4640-UHDOS,Female,0,Yes,Yes,13,Yes,No,DSL,No,No,No,No,No,Yes,Month-to-month,No,Electronic check,55.95,734.35,Yes,0,
7176-WIONM,Female,0,Yes,No,12,No,No phone service,DSL,No,No,Yes,No,Yes,Yes,Month-to-month,Yes,Bank transfer (automatic),49.85,617.15,No,0,
8887-IPQNC,Female,0,Yes,No,7,Yes,No,DSL,No,No,No,No,No,No,Month-to-month,Yes,Mailed check,44.25,313.45,No,0,
7240-ETPTR,Female,0,Yes,No,9,No,No phone service,DSL,No,No,Yes,No,Yes,Yes,Month-to-month,Yes,Electronic check,48.75,442.2,Yes,1,Low tenure
9633-XQABV,Female,0,No,No,3,Yes,No,Fiber optic,No,No,No,No,No,No,Month-to-month,Yes,Electronic check,70.25,229.7,No,0,
3063-QFSZL,Female,0,No,No,1,Yes,No,DSL,No,No,No,No,No,Yes,Month-to-month,Yes,Electronic check,55.4,55.4,Yes,1,Low tenure
7279-NMVJC,Female,0,No,No,17,Yes,No,No,No internet service,No internet service,No internet service,No internet service,No internet service,No internet service,One year,No,Bank transfer (automatic),19.9,323.15,No,0,
2223-KAGMX,Female,0,No,No,15,Yes,No,No,No internet service,No internet service,No internet service,No internet service,No internet service,No internet service,Month-to-month,No,Bank transfer (automatic),19.4,289.3,Yes,0,
3177-LASXD,Female,0,No,No,1,Yes,No,Fiber optic,No,No,No,No,No,No,Month-to-month,No,Electronic check,71.35,71.35,Yes,1,Low tenure
0208-BPQEJ,Female,0,Yes,Yes,12,Yes,No,No,No internet service,No internet service,No internet service,No internet service,No internet service,No internet service,Month-to-month,No,Bank transfer (automatic),19.4,198.1,No,0,
2229-DPMBI,Female,0,Yes,Yes,8,Yes,No,No,No internet service,No internet service,No internet service,No internet service,No internet service,No internet service,Two year,No,Mailed check,19.5,162.15,No,0,
7159-FVYPK,Female,0,Yes,Yes,3,Yes,Yes,DSL,No,Yes,Yes,No,Yes,No,Month-to-month,Yes,Bank transfer (automatic),69.15,235,No,0,
6366-XIVKZ,Female,0,Yes,Yes,13,Yes,No,DSL,Yes,No,Yes,No,No,Yes,Month-to-month,Yes,Mailed check,63.15,816.8,No,0,
7126-RBHSD,Female,0,Yes,No,17,Yes,Yes,Fiber optic,Yes,No,No,No,No,No,Month-to-month,No,Electronic check,78.9,1348.95,No,0,
5349-AZPEW,Female,0,Yes,Yes,5,No,No phone service,DSL,No,No,No,No,No,No,Month-to-month,No,Mailed check,25.05,125.5,No,0,
9818-XQCUV,Female,0,No,No,2,Yes,No,No,No internet service,No internet service,No internet service,No internet service,No internet service,No internet service,Month-to-month,No,Mailed check,20.35,45.3,No,0,
3750-RNQKR,Female,0,No,No,12,Yes,No,No,No internet service,No internet service,No internet service,No internet service,No internet service,No internet service,Month-to-month,No,Mailed check,19.45,246.25,No,0,
3969-GYXEL,Female,0,No,No,11,Yes,No,Fiber optic,Yes,No,No,No,No,No,Month-to-month,No,Electronic check,76.4,838.7,No,0,
7797-EJMDP,Female,0,No,No,8,Yes,No,DSL,Yes,No,No,Yes,No,Yes,Month-to-month,No,Bank transfer (automatic),66.05,574.5,No,0,
3658-KIBGF,Female,0,No,No,1,Yes,No,DSL,Yes,Yes,No,No,No,No,Month-to-month,Yes,Electronic check,54.9,54.9,Yes,1,Low tenure
3898-BSJYF,Female,0,No,Yes,10,Yes,Yes,DSL,Yes,No,Yes,Yes,No,Yes,One year,No,Credit card (automatic),73.55,693.3,No,0,
3694-GLTJM,Female,0,No,No,5,Yes,No,No,No internet service,No internet service,No internet service,No internet service,No internet service,No internet service,Month-to-month,Yes,Credit card (automatic),19.65,92.05,No,0,
8835-VSDSE,Female,0,Yes,No,2,Yes,No,Fiber optic,No,No,No,No,No,No,Month-to-month,Yes,Electronic check,70.7,141.45,Yes,1,Low tenure
3721-CNEYS,Female,0,No,No,2,Yes,No,Fiber optic,No,No,No,No,No,No,Month-to-month,Yes,Electronic check,70.95,137.95,Yes,1,Low tenure
9667-TKTVZ,Female,0,No,No,2,Yes,Yes,DSL,No,No,No,Yes,No,No,Month-to-month,Yes,Mailed check,54.35,117.05,No,0,
4537-DKTAL,Female,0,No,No,2,Yes,No,DSL,No,No,No,No,No,No,Month-to-month,No,Electronic check,45.55,84.4,No,0,
0516-WJVXC,Female,0,No,No,5,Yes,No,DSL,Yes,No,No,Yes,No,No,Month-to-month,No,Electronic check,54.2,308.25,Yes,1,Low tenure
1099-GODLO,Female,0,Yes,Yes,1,Yes,No,No,No internet service,No internet service,No internet service,No internet service,No internet service,No internet service,Two year,No,Mailed check,20.35,20.35,No,0,
6410-LEFEN,Female,0,No,No,9,Yes,No,DSL,No,No,No,No,No,No,Month-to-month,No,Electronic check,45.15,416.45,Yes,0,
1355-KUSBG,Female,0,Yes,Yes,7,Yes,Yes,DSL,No,No,No,No,No,No,Month-to-month,No,Electronic check,48.8,349.8,No,0,
1905-OEILC,Female,0,No,No,1,Yes,No,No,No internet service,No internet service,No internet service,No internet service,No internet service,No internet service,Month-to-month,No,Mailed check,19.5,19.5,No,0,
5562-YJQGT,Female,0,No,No,2,Yes,No,No,No internet service,No internet service,No internet service,No internet service,No internet service,No internet service,Month-to-month,No,Credit card (automatic),20.35,35.1,No,0,
4765-OXPPD,Female,0,Yes,Yes,9,Yes,No,DSL,Yes,Yes,Yes,Yes,No,No,Month-to-month,No,Mailed check,65.0,663.05,Yes,0,
2706-QZIHY,Female,0,Yes,No,15,Yes,Yes,No,No internet service,No internet service,No internet service,No internet service,No internet service,No internet service,Two year,No,Mailed check,25.2,387.9,No,0,
6778-YSNIH,Female,0,No,No,2,Yes,No,DSL,No,Yes,No,No,Yes,No,Month-to-month,Yes,Electronic check,59.0,114.15,No,0,
7102-JJVTX,Female,0,Yes,Yes,9,Yes,No,DSL,Yes,No,No,No,No,No,One year,No,Mailed check,48.6,422.3,No,0,
6789-HJBWG,Female,0,No,No,12,Yes,No,DSL,No,Yes,No,No,No,No,Month-to-month,Yes,Electronic check,49.4,611.65,No,0,
0997-YTLNY,Female,0,No,Yes,19,Yes,No,DSL,No,No,No,Yes,No,No,Month-to-month,No,Mailed check,48.8,953.65,No,0,
6654-QGBZZ,Female,0,No,No,1,Yes,No,No,No internet service,No internet service,No internet service,No internet service,No internet service,No internet service,Month-to-month,No,Mailed check,19.9,19.9,No,0,
3594-IVHJZ,Female,0,No,No,2,Yes,No,No,No internet service,No internet service,No internet service,No internet service,No internet service,No internet service,Month-to-month,Yes,Mailed check,20.45,42.45,No,1,Low tenure
9507-EXLTT,Female,0,Yes,No,1,Yes,No,Fiber optic,No,No,No,No,Yes,No,Month-to-month,Yes,Bank transfer (automatic),79.35,79.35,Yes,1,Low tenure
2342-CKIAO,Female,0,No,No,2,Yes,No,No,No internet service,No internet service,No internet service,No internet service,No internet service,No internet service,Month-to-month,No,Mailed check,20.3,41.2,No,0,
7742-MYPGI,Female,0,Yes,Yes,6,Yes,No,DSL,No,No,No,Yes,No,No,Month-to-month,Yes,Mailed check,48.8,297.35,No,0,
9929-PLVPA,Female,0,No,Yes,4,Yes,No,No,No internet service,No internet service,No internet service,No internet service,No internet service,No internet service,Month-to-month,No,Credit card (automatic),20.4,94.5,No,0,
2542-HYGIQ,Female,0,No,No,1,Yes,No,No,No internet service,No internet service,No internet service,No internet service,No internet service,No internet service,Month-to-month,No,Credit card (automatic),19.95,19.95,No,0,
1346-UFHAX,Female,0,No,No,13,Yes,Yes,Fiber optic,Yes,No,No,No,No,No,Month-to-month,Yes,Credit card (automatic),80.0,1029.35,No,0,
7252-NTGSS,Female,0,No,No,1,Yes,No,DSL,No,No,No,No,No,No,Month-to-month,No,Mailed check,45.15,45.15,No,0,
7853-GVUDZ,Female,0,Yes,Yes,1,Yes,No,No,No internet service,No internet service,No internet service,No internet service,No internet service,No internet service,Month-to-month,Yes,Credit card (automatic),20.15,20.15,Yes,1,Low tenure
4897-QSUYC,Female,0,No,No,1,Yes,No,No,No internet service,No internet service,No internet service,No internet service,No internet service,No internet service,Month-to-month,Yes,Mailed check,20.15,20.15,Yes,1,Low tenure
4075-WKNIU,Female,0,Yes,Yes,0,Yes,Yes,DSL,No,Yes,Yes,Yes,Yes,No,Two year,No,Mailed check,73.35, ,No,0,
7075-BNDVQ,Female,0,No,No,4,No,No phone service,DSL,Yes,No,Yes,No,No,No,Month-to-month,No,Mailed check,35.0,135.75,No,0,
7404-JLKQG,Female,0,No,No,3,Yes,No,DSL,No,No,Yes,No,Yes,No,Month-to-month,No,Electronic check,57.55,161.45,No,0,
3808-HFKDE,Female,0,No,No,20,Yes,No,DSL,No,No,No,No,No,No,Month-to-month,Yes,Electronic check,44.35,927.15,No,0,
0096-BXERS,Female,0,Yes,No,6,Yes,Yes,DSL,No,No,No,No,No,No,Month-to-month,No,Electronic check,50.35,314.55,No,0,
9962-BFPDU,Female,0,Yes,Yes,1,Yes,No,No,No internet service,No internet service,No internet service,No internet service,No internet service,No internet service,Month-to-month,No,Mailed check,20.05,20.05,No,0,
4587-NUKOX,Female,0,No,No,3,Yes,No,Fiber optic,Yes,Yes,No,No,No,No,Month-to-month,Yes,Electronic check,79.1,246.5,Yes,1,Low tenure
9442-JTWDL,Female,0,No,No,11,Yes,No,No,No internet service,No internet service,No internet service,No internet service,No internet service,No internet service,One year,No,Credit card (automatic),20.05,237.7,No,0,
1383-EZRWL,Female,0,No,No,7,Yes,No,No,No internet service,No internet service,No internet service,No internet service,No internet service,No internet service,Month-to-month,No,Mailed check,20.05,164.85,Yes,1,Low tenure
6652-YFFJO,Female,0,No,No,11,Yes,No,DSL,No,No,No,No,Yes,Yes,Month-to-month,Yes,Electronic check,64.9,716.1,No,0,
1803-BGNBD,Female,0,No,No,12,Yes,No,DSL,No,Yes,No,Yes,No,No,Month-to-month,Yes,Electronic check,54.3,654.5,No,0,
5066-GFJMM,Female,0,Yes,No,3,Yes,No,No,No internet service,No internet service,No internet service,No internet service,No internet service,No internet service,Month-to-month,Yes,Mailed check,19.9,45.75,No,0,
5759-RCVCB,Female,0,No,No,3,No,No phone service,DSL,No,No,No,No,Yes,No,Month-to-month,No,Credit card (automatic),35.2,108.95,Yes,1,Low tenure
1202-KKGFU,Female,0,Yes,No,12,Yes,No,DSL,Yes,No,No,Yes,No,No,Month-to-month,No,Bank transfer (automatic),54.2,690.5,No,0,
6339-DKLMK,Female,0,No,No,13,No,No phone service,DSL,No,Yes,No,No,No,No,Month-to-month,Yes,Electronic check,31.65,389.95,No,0,
7912-SYRQT,Female,0,No,No,7,Yes,Yes,Fiber optic,No,No,No,No,No,No,Month-to-month,Yes,Bank transfer (automatic),75.1,552.95,Yes,1,Low tenure
8930-XOTDP,Female,0,Yes,Yes,18,Yes,No,DSL,No,No,No,No,Yes,No,Month-to-month,No,Mailed check,55.95,1082.8,No,0,
2138-VFAPZ,Female,0,Yes,Yes,14,Yes,No,No,No internet service,No internet service,No internet service,No internet service,No internet service,No internet service,Two year,Yes,Mailed check,19.7,263.65,No,0,
3807-XHCJH,Female,0,Yes,Yes,1,Yes,No,No,No internet service,No internet service,No internet service,No internet service,No internet service,No internet service,Month-to-month,No,Electronic check,20.0,20,No,0,
1794-HBQTJ,Female,0,No,No,1,Yes,No,DSL,Yes,No,No,No,No,No,Month-to-month,Yes,Credit card (automatic),48.6,48.6,Yes,1,Low tenure
2275-RBYQS,Female,0,No,No,1,Yes,No,DSL,No,No,No,No,No,No,Month-to-month,Yes,Mailed check,45.4,45.4,No,0,
5071-FBJFS,Female,0,Yes,Yes,4,Yes,No,DSL,Yes,No,No,No,No,No,Month-to-month,No,Electronic check,50.3,217.1,No,0,
7734-DBOAI,Female,0,Yes,Yes,1,No,No phone service,DSL,No,No,No,Yes,Yes,No,Month-to-month,No,Electronic check,40.1,40.1,Yes,1,Low tenure
2858-MOFSQ,Female,0,No,Yes,17,Yes,Yes,DSL,No,No,Yes,No,No,No,One year,Yes,Mailed check,55.85,937.5,Yes,1,Other factors
8180-AKMJV,Female,0,No,No,1,Yes,No,DSL,No,No,No,No,No,No,Month-to-month,Yes,Credit card (automatic),44.55,44.55,No,0,
1790-NESIO,Female,0,No,No,13,Yes,No,No,No internet service,No internet service,No internet service,No internet service,No internet service,No internet service,Two year,Yes,Mailed check,20.4,261.3,No,0,
9546-KDTRB,Female,0,No,No,19,Yes,Yes,No,No internet service,No internet service,No internet service,No internet service,No internet service,No internet service,Month-to-month,No,Bank transfer (automatic),24.7,465.85,No,0,
6198-ZFIOJ,Female,0,No,No,5,Yes,Yes,Fiber optic,No,No,No,No,No,No,Month-to-month,No,Electronic check,75.6,402.5,No,0,
4465-VDKIQ,Female,0,No,No,18,Yes,No,Fiber optic,No,Yes,Yes,No,No,No,Month-to-month,No,Electronic check,77.8,1358.6,No,0,
6599-GZWCM,Female,0,No,No,13,Yes,No,Fiber optic,No,Yes,No,No,No,No,One year,Yes,Mailed check,74.65,966.25,No,0,
5542-DHSXL,Female,0,Yes,No,4,Yes,No,DSL,Yes,Yes,No,No,No,No,Month-to-month,No,Mailed check,54.7,235.05,No,0,
9103-TCIHJ,Female,0,No,No,15,Yes,Yes,DSL,Yes,No,No,No,No,No,Month-to-month,Yes,Mailed check,55.7,899.8,Yes,1,Other factors
5122-CYFXA,Female,0,No,No,3,Yes,No,DSL,No,Yes,No,Yes,Yes,Yes,Month-to-month,Yes,Electronic check,75.3,244.1,No,0,
3847-BAERP,Female,0,No,No,10,Yes,No,No,No internet service,No internet service,No internet service,No internet service,No internet service,No internet service,Month-to-month,Yes,Mailed check,20.9,247,No,0,
4116-TZAQJ,Female,0,No,No,9,Yes,No,Fiber optic,Yes,No,No,No,No,No,Month-to-month,Yes,Credit card (automatic),74.25,639.65,Yes,1,Low tenure
